id	date	views	dur	mult	denom	n	title
NifqrMwYeMU	20260824	249	1110	0.1	2198	17	"손도 못 대던 간부가 잡혀갔다" 술렁이는 평양, 1997년 심화조처럼 제 칼에 베인 보위성
lNm5bLoaKJc	20260822	2198	1097	1.3	1636	19	"1억 3천 쓰고 빈손으로 돌아왔다" 중국 유학생 53만 명이 한꺼번에 밀려난 진짜 이유
jc-ef3bV7Ic	20260821	2352	1149	1.3	1865.0	20	"도시에 사람이 없다" | 사람 제일 많다던 중국이 20대 213만 명을 밀어낸 이유 | 계획서에 적힌 여덟 글자와 불 꺼진 베이징 창문
6ft_Ayp_xD0	20260819	2094	1148	1.2	1683.0	22	"48시간 안에 나가라" | 돈줄을 쥔 중국이 니제르에서 대표 3명을 사흘 만에 잃은 이유 | 계약서에 심어 둔 조항과 되돌아오지 않는 돈
qZYJO--Z4jc	20260818	7638	1078	4.4	1730	23	`중국 인구 14억은 허상이다? \| 소리 없이 지워진 중국 14억 인구의 행방 \| 하루에도 문 닫는 학교와 장부에만 남은 사람들
CrXCdbbuVEE	20260817	3008	1118	1.8	1683.0	24	"예순 넘으면 나가라" | 일손 넘친다던 중국이 국경 마을에 하루 10만 명을 들여앉힌 이유 | 중국이 제 인부를 나이로 잘라내고 국경 밖에서 메운 자리
C_iAv0sKVpE	20260816	2453	1091	1.5	1683.0	24	1,890조 뿌린 중국이 받아 든 지옥의 청구서 | 남의 통장까지 잡아 놓고 현금은 한 푼도 못 만진다
CRX1Pk4jYDY	20260815	1636	1106	0.8	2094	25	"6만 채를 쓸어 담았다" 중국 부자들이 이 동네부터 사들인 이유
7C-s4Kf9FhE	20260814	57183	1295	34.0	1683.0	26	"전원 지금 당장 돌아와라" | 세계의 공장 중국이 인도에서 기술자 300명을 걷어들인 이유 | 일대일로가 남긴 빚더미와 비어 가는 중국 공사판
yAWJIXMQVss	20260813	5036	1284	2.9	1730	27	"일본 한마디에 뒤집어졌다" 발등 찍힌 중국 속사정
euDQTqxyn78	20260812	2369	1338	1.4	1683.0	28	"중국 공장 싹다 빼" 삼성이 34년 된 중국 공장 버리고 나온 이유
ysHQ-U4kM-k	20260811	487	1375	0.2	2094	29	"중국 청년들이 완전히 포기했다" 중국 공무원들이 월급을 못 받고 있는 중국 지금 벌어지는 일
-lvhwfjkKns	20260810	45868	1329	27.3	1683.0	30	'다시는 안 속는다' 56개국이 매긴 성적표...어쩌다 온 세계가 중국에 등을 돌렸나 '반중정서'
jndxTqE5iUw	20260809	760	1268	0.4	2094	31	"바닷길 하나면 끝장난다" 1조 달러 벌어들인 중국이 전쟁만은 못 꺼내는 속사정
bUrN6YX93pE	20260808	90	1229	0.0	2094	31	"우크라이나 판을 뒤집었다" 12년 만에 크림반도 되찾나
kNudS5EmgpA	20260805	282	1348	0.1	1948.0	34	사람도 기름도 밑천 바닥 러시아 북한 거덜 난 이유 | 북한군 3만 명 파병
_9813h4N6Dg	20260804	219	1382	0.1	1802	35	"중국산 쌀·떡 카드뮴 15만 7천 톤", 원산지를 확인해도 국가명이 없다
xNZfSwCSdVM	20260803	892	1045	0.5	1766.0	36	"한국 옷인 줄 알고 샀는데요?" 중국에서 한푸로 이만큼 벌었다고? 한복 매출의 무려 19배나 벌었다.
hBJ4dBecTeM	20260802	984	1281	0.5	1802	35	"3만명이 또 파병된다" 초토화된 러시아 본토 상황 심상치 않은 평양 분위기
zgJi9GHckW4	20260801	94	1300	0.1	1802	35	"전쟁으로 20조를 벌었다" 북한 쌀값 사실상 역대 최고, 곧 평양이 무너져내린다
rtlfboWZ9l4	20260731	2414	1181	1.4	1683.0	34	"입을 막으려 만든 법" 중국의 70년 지배에 대한 분노가 드디어 폭발.  세계로 번지는 티베트의 분노
Nh5d5pyYnNA	20260730	1730	1152	1.1	1636	33	"역대 최악의 상황" 세계 2위 중국이 자기 통계를 지운 진짜 이유 | 물가·집값·인구·청년·지방빚 5대 뇌관의 연쇄
HV4yrfwJrrQ	20260729	624	1270	0.4	1730	33	북한, 진짜 전쟁 준비 중인가? 휴전선 코앞까지 내려온 북한
kucIDbXm1m4	20260728	4107	934	3.1	1317.0	32	"중국인만 골라서 친다" 중국, 전쟁도 아닌데 안에서 무너지는 이유
Pue1xOJNbrs	20260727	159	1036	0.1	1636	31	"316조 부어줬는데 왜 못 쓸까요?" 중국이 자국 배터리 대신 삼성·LG에 줄 선 진짜 이유
YPJ69SEMxJs	20260725	3263	1129	3.3	984	29	"몽골어를 지우겠다고?" 내몽골 30만이 거리로 쏟아진 이유
eAjrNH_CGQo	20260724	147	915	0.1	991.0	28	"하룻밤에 23만 명이 사라졌다" 반차오댐 붕괴, 30년 간 은폐한 진실
52D92xluo7g	20260723	72716	3858	81.5	892	27	위구르 자치권의 허상, 신장 자원의 저주, 그리고 620억 부메랑 시나리오 [통합본]
HUA9FjD8OJ4	20260722	79	1249	0.1	938.0	26	"무려 88% 폭락" , 더 이상 다이아몬드는 자산이 아닌 이유
i0lBuPH649Y	20260721	2761	1299	3.5	795	25	"총은 한 발도 안 쐈는데" 중국이 대만보다 필리핀 앞바다를 먼저 건드는 이유
vy0sW8TZ-m8	20260720	400	1190	0.4	938.0	24	중국이 전 세계의 비난을 감수하면서도 신장을 절대 못 놓는 진짜 이유
rgf4niJ1EBA	20260719	14645	1204	18.4	795	23	스스로 중국이 되기로 했던 위구르는 왜 지금 목숨 걸고 독립을 외칠까?
kj5R3HFDpWE	20260717	162	942	0.2	984	21	미사일 쏘던 북한의 갑작스러운 침묵, 그 뒤에 현무-7이?
CZlSdUIBas0	20260716	1802	970	2.0	892	21	"팔수록 적자였다" 세계 1위 중국 조선업, 1600곳이 70곳 된 이유
OkwQDcXf7Pw	20260715	2553	1297	2.9	892	21	"이웃 중국 두고 왜 한국이냐" 몽골이 바다 건너 한국에 올인한 역사적 배경
ok0Wk2Wq24Q	20260714	795	1242	0.8	991.0	20	티베트 탄압이 서울까지 왔습니다, 중국 새 법 하나로 당신 SNS도 처벌 대상이 된 이유
oOsx5SiUnow	20260713	998	1178	1.0	984	19	호주는 중국 자본 싹 쫓아냈는데… 한국은 이걸 88% 갖다 바치고 있습니다
tlc2HHuGjwI	20260419	53435	1059	5.6	9541.5	20	"12살한테 핵 버튼 넘긴다" 김정은이 미친 듯이 서두르는 진짜 이유
NXIcyN1WwSY	20260418	357691	3523	37.5	9541.5	20	북한군 128만의 허상, 핵무기의 한계, 그리고 붕괴 72시간 시나리오 [통합본]
nF1KP1Gnd24	20260417	266303	1305	27.9	9541.5	20	"13조를 퍼줬는데 1조도 못 받았다" 김정은이 푸틴한테 완전히 당한 소름돋는 전말
t_72L86c5kY	20260417	264282	995	27.7	9541.5	20	"북한 핵보유 싹다 거짓?"김정은이 절대 말 못하는 진실
lP22TVP0eN8	20260416	8314	1135	0.5	15939.0	20	중국 군함 370척 vs 미국 295척 해군이 맞붙으면 생기는 일
Db2fZ3IHGZo	20260415	34680	1235	3.6	9541.5	20	북한이 갑자기 붕괴되면, 72시간 안에 한국이 바다를 잃는다
W5CTJ925QzQ	20260414	1449	1208	0.1	15939.0	20	"해적행위라고요?" 이란이 절대 말 못 하는 호르무즈 역봉쇄의 진실
oA5prQNTkh8	20260414	296	1006	0.0	15939.0	20	"제발 전쟁을 멈추지 마세요" 이란 국민이 평화를 두려워하는 소름 돋는 이유
PkX5Aj6gE9Y	20260414	10769	1098	0.7	14711.5	20	"5억에 영주권 팝니다" 제주도를 통째로 먹고 사라진 중국 자본 1조 원의 소름 돋는 진실
jflPJ2M3qyA	20260413	21109	1153	2.2	9541.5	20	"북한군 128만 명의 실체, 숫자만 보면 절대 모르는 충격적 진실"
DipGvDPs7FU	20260413	77762	957	8.1	9541.5	20	김정은이 미국보다 두려워하는 나라, 중국이 천년 숙적인 진짜 이유
wDElm_NVDkw	20260411	251262	1101	26.3	9541.5	20	"핵이 있으면 안전하다고?" 미국이 북한을 더 쉬운 상대로 보는 이유
Z50EFxr4GnI	20260410	422	1059	0.0	15939.0	20	"2주 뒤 진짜 전쟁이 온다" 미국-이란 휴전 뒤에서 벌어지는 소름 돋는 일들
ljDuBP2iyZU	20260409	337	918	0.0	15939.0	20	"폰에 찍히면 30분 뒤 드론이 온다" 이란 혁명수비대가 시민의 스마트폰에 무너진 소름돋는 과정
ETvlnX5jUHw	20260408	716050	1452	75.0	9541.5	20	"민족의 씨를 말리겠다고?" 위구르 100만 명을 가둔 중국이 맞이한 소름 돋는 복수의 부메랑
3qXQa6M7dmA	20260407	182	1184	0.0	15939.0	20	중국 GDP 5% 성장은 거짓말입니다, 모든 숫자가 반대를 가리킨다
-94TuUgMwJc	20260406	1511	970	0.1	15939.0	20	"한국에 기름 가져왔습니다" 러시아가 한국에만 기름 보낸 이유
G3gM0Lga9Fc	20260405	2626	1023	0.2	15939.0	20	"중국인 5만 8천 가구 돌파 화교를 몰아낸 유일한 나라에서 벌어지고 있는 일"
XkTMogsIVpE	20260404	189737	1092	19.9	9541.5	20	"4주면 끝납니다 중국이 절대 말 못하는 대만 침공의 비밀"
7ET1h6Z-IqU	20260403	548	1109	0.0	15939.0	20	"충성해도 살아남지 못한다.. 시진핑 10년 숙청의 끝에서 드러난 진짜 목적"
EC1ZJuHBE6c	20260402	457	1215	0.0	15939.0	20	"내 돈이 전부 사라졌다" 빚 8경 원, 은행 300개 증발, 14억 중국이 통째로 무너지고 있다
